/classics /classics/ 301
/casseroles /casseroles/ 301
/desserts /desserts/ 301
/diner-style /diner-style/ 301
/about /about/ 301

/recipe/* /recipes/:splat 301

/pinterest https://pinterest.com/homemealsblog 302
/instagram https://instagram.com/homemealsblog 302
/facebook https://facebook.com/homemealsblog 302
